0.0,0.0,0.0,100.0
0.0,0.0,0.0,100.0
0.0,0.0,0.0,100.0
0.0,0.0,0.0,100.0
0.0,0.0,0.0,100.0
0.0,0.0,0.0,100.0
0.0,0.0,0.0,100.0
0.0,0.0,0.0,100.0
0.0,0.0,0.0,100.0
0.0,0.0,0.0,100.0
0.0,0.0,0.0,100.0
0.0,0.0,0.0,100.0
0.0,0.0,0.0,100.0
0.0,0.0,0.0,100.0
0.0,0.0,0.0,100.0
0.0,0.0,0.0,100.0
0.0,0.0,0.0,100.0
0.0,0.0,0.0,100.0
0.0,0.0,0.0,100.0
0.0,0.0,0.0,100.0
0.0,0.0,0.0,100.0
0.0,0.0,0.0,100.0
0.0,0.0,0.0,100.0
0.0,0.0,0.0,100.0
0.0,0.0,0.0,100.0
0.0,0.0,0.0,100.0
0.0,0.0,0.0,100.0
0.0,0.0,0.0,100.0
0.0,0.0,0.0,100.0
0.0,0.0,0.0,100.0
67.69324493408203,-31.206987380981445,3.6412723064422607,74.62914989478952
65.38807678222656,-28.771459579467773,3.4897210597991943,71.523250435437
64.59500122070312,-27.08692169189453,3.421663999557495,70.12790761424823
54.43062210083008,-21.715593338012695,2.862727642059326,58.67243744893307
44.61297607421875,-16.902355194091797,2.3304901123046875,47.76440652722901
45.41878890991211,-16.306997299194336,2.3573691844940186,48.3150243251337
41.429931640625,-14.06358528137207,2.137263774871826,43.80401227414683
38.12324523925781,-12.203336715698242,1.955399751663208,40.07651040311035
35.336185455322266,-10.634967803955078,1.802648663520813,36.94588105468374
31.732791900634766,-8.949586868286133,1.6106089353561401,33.00998585763711
29.74724578857422,-7.831789493560791,1.5026679039001465,30.797622388234824
28.01171875,-6.854423999786377,1.4087402820587158,28.872548724033432
26.480894088745117,-5.992001533508301,1.3262910842895508,27.182731948102695
25.119728088378906,-5.2249016761779785,1.2533574104309082,25.687958382984313
23.89876365661621,-4.537323474884033,1.1883013248443604,24.3546753995637
22.798463821411133,-3.917489528656006,1.130027174949646,23.160172182564192
22.38407325744629,-3.4452383518218994,1.1063326597213745,22.674663350706695
21.65643882751465,-2.9473111629486084,1.0676666498184204,21.88213632699033
15.800293922424316,-1.8700854778289795,0.7772277593612671,15.929550056979952
15.134493827819824,-1.5239604711532593,0.7430583238601685,15.229165016468023
14.750356674194336,-1.2256544828414917,0.7230347990989685,14.81883915543647
14.517345428466797,-0.9515134692192078,0.7106913924217224,14.56584247303555
14.291622161865234,-0.6864816546440125,0.698947548866272,14.325161478910246
14.096622467041016,-0.4306952953338623,0.6889343857765198,14.120017188193808
13.894166946411133,-0.18187999725341797,0.6787843108177185,13.911926696147306
13.701396942138672,0.05978405475616455,0.6693189144134521,13.717865014081452
13.511066436767578,0.29481440782546997,0.6601715087890625,13.530396134978469
13.527427673339844,0.5314958095550537,0.661320686340332,13.55400715646596
13.596169471740723,0.7720530033111572,0.6652405261993408,13.634309682141303
13.956893920898438,1.037176251411438,0.6836726069450378,14.012067174751428
14.162718772888184,1.3013683557510376,0.6947574019432068,14.239341019026515
13.795409202575684,1.5108364820480347,0.6779282689094543,13.894441748685335
13.445598602294922,1.7104992866516113,0.6621088981628418,13.570124933498215
13.111885070800781,1.9011406898498535,0.6472139358520508,13.264793267730974
12.793000221252441,2.083465337753296,0.6331674456596375,12.97700152767082
12.487750053405762,2.2581613063812256,0.6199195384979248,12.705410724875476
12.19515609741211,2.4257659912109375,0.607403039932251,12.448898868943017
11.91423511505127,2.5868420600891113,0.5955721735954285,12.206369074122616
11.64417839050293,2.7418336868286133,0.5843729972839355,11.976895367901271
11.384166717529297,2.89121150970459,0.5737699866294861,11.759573615920978
11.133535385131836,3.0353424549102783,0.5637190341949463,11.553643510884491
10.891599655151367,3.1746201515197754,0.5541927814483643,11.358356706133081
10.657825469970703,3.309338331222534,0.5451526641845703,11.17309876760142
10.431624412536621,3.4398322105407715,0.5365729331970215,10.997233359705112
10.212512969970703,3.5663719177246094,0.5284242630004883,10.830218892976013
10.000049591064453,3.6892096996307373,0.5206844806671143,10.671567970681517
9.793785095214844,3.808593988418579,0.513329029083252,10.520794095166417
9.593338012695312,3.9247422218322754,0.5063347816467285,10.377480386159245
9.398357391357422,4.037850856781006,0.4996858239173889,10.241241798942545
9.208492279052734,4.148126602172852,0.49336859583854675,10.111710315588775
9.023444175720215,4.255725860595703,0.48735854029655457,9.988556791730414
8.842900276184082,4.360834121704102,0.4816455543041229,9.871459740223896
8.666598320007324,4.463593482971191,0.4762137234210968,9.76014147419555
8.494291305541992,4.564148426055908,0.4710502028465271,9.654342209175176
8.325739860534668,4.662635803222656,0.46614739298820496,9.553815425583277
8.160700798034668,4.759189605712891,0.4614889323711395,9.458323326188982
7.998993873596191,4.853909969329834,0.4570639431476593,9.367669880292226
7.840398788452148,4.946929931640625,0.452867716550827,9.281651020220853
7.684746265411377,5.038338661193848,0.44888731837272644,9.200090909200114
7.531837463378906,5.128254413604736,0.4451182186603546,9.122811784290189
7.38153076171875,5.216756343841553,0.44155052304267883,9.0496681328803
7.233652114868164,5.303940773010254,0.43817493319511414,8.980506632602113
7.088061809539795,5.389889717102051,0.4349878132343292,8.915196950479
6.944608211517334,5.47469425201416,0.43198463320732117,8.853612779536048
6.8031721115112305,5.558413505554199,0.429153710603714,8.795639174436195
6.663599491119385,5.641143321990967,0.4264938533306122,8.741163134616686
6.525776386260986,5.722949504852295,0.42400482296943665,8.690090516967606
6.389582633972168,5.803898334503174,0.4216730296611786,8.642325487440399
6.2549262046813965,5.884040832519531,0.41949912905693054,8.59779185254919
6.121673107147217,5.963462829589844,0.417481392621994,8.5564038907859
5.989720344543457,6.042215824127197,0.41561272740364075,8.518089697473808
5.858972072601318,6.120361328125,0.4138895869255066,8.482786397981133
5.729330062866211,6.197950839996338,0.412309855222702,8.450432608114424
5.600689888000488,6.275051116943359,0.4108733832836151,8.4209744352576
5.47298002243042,6.351701736450195,0.4095734655857086,8.394365442135017
5.346090793609619,6.427966117858887,0.4084117114543915,8.370556879754442
5.219933986663818,6.503899574279785,0.40738552808761597,8.349514026398326
5.09443473815918,6.579544544219971,0.4064928889274597,8.331200647347076
4.969499111175537,6.6549553871154785,0.4057297110557556,8.315585607115116
4.845044136047363,6.7301859855651855,0.4051007628440857,8.302647515505269
4.720992565155029,6.805276393890381,0.404598206281662,8.292361136373014
0.0,0.0,0.0,100.0
0.0,0.0,0.0,100.0
0.0,0.0,0.0,100.0
0.0,0.0,0.0,100.0
0.0,0.0,0.0,100.0
0.0,0.0,0.0,100.0
0.0,0.0,0.0,100.0
0.0,0.0,0.0,100.0
0.0,0.0,0.0,100.0
0.0,0.0,0.0,100.0
0.0,0.0,0.0,100.0
0.0,0.0,0.0,100.0
0.0,0.0,0.0,100.0
0.0,0.0,0.0,100.0
0.0,0.0,0.0,100.0
0.0,0.0,0.0,100.0
0.0,0.0,0.0,100.0
0.0,0.0,0.0,100.0
0.0,0.0,0.0,100.0
0.0,0.0,0.0,100.0
0.0,0.0,0.0,100.0
0.0,0.0,0.0,100.0
0.0,0.0,0.0,100.0
0.0,0.0,0.0,100.0
0.0,0.0,0.0,100.0
0.0,0.0,0.0,100.0
0.0,0.0,0.0,100.0
0.0,0.0,0.0,100.0
0.0,0.0,0.0,100.0
0.0,0.0,0.0,100.0
0.0,0.0,0.0,100.0
71.23028564453125,-31.713747024536133,2.7211649417877197,78.01871290525852
61.41910171508789,-26.07087516784668,2.328596353530884,66.76390537897369
52.0785026550293,-21.041080474853516,1.9602423906326294,56.2026679034045
48.386722564697266,-18.573938369750977,1.8088117837905884,51.86075721313026
43.833595275878906,-15.95411491394043,1.6279491186141968,46.67513387136555
40.10898971557617,-13.810637474060059,1.4804435968399048,42.445922798275305
37.00367736816406,-12.023221015930176,1.3578693866729736,38.93165619258446
33.099395751953125,-10.11949348449707,1.2079344987869263,34.63283400916198
30.924747467041016,-8.867523193359375,1.1227588653564453,32.19058188550101
29.036951065063477,-7.7804436683654785,1.049122929573059,30.079569493385463
27.3817195892334,-6.827029705047607,0.9848586916923523,28.237153439883603
25.91613006591797,-5.983208179473877,0.9282535910606384,26.6140237540361
24.60982894897461,-5.230989933013916,0.8780595660209656,25.174946312027267
23.82975196838379,-4.632037162780762,0.8472087383270264,24.29054492324133
23.194692611694336,-4.089840412139893,0.8219720721244812,23.56684369436689
22.200664520263672,-3.5162415504455566,0.7844474911689758,22.491082352235054
21.29355812072754,-2.9926023483276367,0.7504390478134155,21.515910096243353
15.63925838470459,-1.9202649593353271,0.5498989820480347,15.766298677124166
15.226119041442871,-1.6003366708755493,0.5343098640441895,15.319309720410141
14.843626976013184,-1.2986524105072021,0.5200156569480896,14.909398994668958
14.52029800415039,-1.0153594017028809,0.5079901814460754,14.5646159606231
14.289484024047852,-0.7488738894462585,0.4993809461593628,14.317804622699578
14.076032638549805,-0.491537868976593,0.4915478825569153,14.09318676557587
13.86462116241455,-0.24200749397277832,0.48394066095352173,13.875173984276003
13.657766342163086,5.543231964111328e-06,0.4766520857810974,13.666080053878046
13.467591285705566,0.23507076501846313,0.4700809717178345,13.477842498027814
13.440535545349121,0.46935486793518066,0.46935367584228516,13.456914969616331
13.505163192749023,0.7077658176422119,0.4719699025154114,13.531929266638345
14.384196281433105,1.00583815574646,0.5032286643981934,14.428098743952537
14.006224632263184,1.2253867387771606,0.4906774163246155,14.068284899801636
13.646734237670898,1.4343221187591553,0.478885680437088,13.730256920948985
13.30417251586914,1.6335384845733643,0.46779391169548035,13.412243202403978
12.977181434631348,1.823819875717163,0.4573483169078827,13.112692568803608
12.664534568786621,2.005868911743164,0.4474974572658539,12.830205908606795
12.365145683288574,2.180307626724243,0.43819645047187805,12.563541271979423
12.078001022338867,2.347724437713623,0.42940613627433777,12.31155157359941
11.802193641662598,2.508638858795166,0.4210934340953827,12.073207734920148
11.536928176879883,2.6635076999664307,0.4132232367992401,11.847603963267487
11.281439781188965,2.812776565551758,0.4057706892490387,11.633883086409888
11.035050392150879,2.9568283557891846,0.39870479702949524,11.431278847226125
10.797130584716797,3.0960311889648438,0.39200109243392944,11.239087532598274
10.56713581085205,3.230694055557251,0.38563722372055054,11.056692129828148
10.344523429870605,3.3611326217651367,0.37959596514701843,10.883495404859927
10.128811836242676,3.487626791000366,0.3738584816455841,10.718961053842753
9.919569969177246,3.6104228496551514,0.368406742811203,10.562609961164622
9.7163724899292,3.7297637462615967,0.36322328448295593,10.413979094899767
9.518839836120605,3.845869541168213,0.3582935035228729,10.272652852967246
9.326655387878418,3.9589245319366455,0.3536059260368347,10.138273907254188
9.139440536499023,4.0691447257995605,0.34914901852607727,10.010454336763488
8.956927299499512,4.176687240600586,0.3449086844921112,9.888893296927925
8.77881908416748,4.2817206382751465,0.3408753573894501,9.773278956003121
8.604866027832031,4.384393692016602,0.33704182505607605,9.663343216835127
8.434791564941406,4.484862804412842,0.33339613676071167,9.55880959396978
8.268391609191895,4.583245277404785,0.32993075251579285,9.459454109599212
8.105438232421875,4.6796746253967285,0.32663795351982117,9.365050889931055
7.945716857910156,4.774277210235596,0.3235103487968445,9.275386370763233
7.789065837860107,4.867142200469971,0.3205423653125763,9.19028591638422
7.635270118713379,4.958398342132568,0.31772491335868835,9.109555798129556
7.4841694831848145,5.0481367111206055,0.31505605578422546,9.033035412239734
7.335606098175049,5.136449813842773,0.3125288188457489,8.960574935494588
7.1894330978393555,5.223423004150391,0.31013843417167664,8.892033896235525
7.0454792976379395,5.309154987335205,0.3078811764717102,8.827269930271195
6.9036407470703125,5.39370584487915,0.30574747920036316,8.76617330151261
6.7637457847595215,5.477179050445557,0.3037414848804474,8.708616467275277
6.625702857971191,5.559625148773193,0.3018534481525421,8.654505919834369
6.489378929138184,5.641122341156006,0.3000827133655548,8.603739721510218
6.354650020599365,5.721744060516357,0.29842621088027954,8.556224923913678
6.221409797668457,5.801552772521973,0.29687973856925964,8.511880003931234
6.089554786682129,5.880609512329102,0.2954409420490265,8.470626717458488
5.958974361419678,5.958977699279785,0.29410842061042786,8.432394532786677
5.829581260681152,6.036710739135742,0.2928781807422638,8.397121743333322
5.7012715339660645,6.113867282867432,0.2917480170726776,8.364746163945012
5.57395601272583,6.19050407409668,0.2907182276248932,8.335216819914713
5.447535037994385,6.2666778564453125,0.28978651762008667,8.308480186500024
5.321934700012207,6.3424296379089355,0.2889494299888611,8.284497074264085
5.197046756744385,6.417829513549805,0.2882084548473358,8.263225008380891
5.072817325592041,6.492906093597412,0.28755873441696167,8.244633776674158
4.949139595031738,6.567725658416748,0.28700414299964905,8.228692647130417
4.825933456420898,6.642334938049316,0.2865401804447174,8.215373112080167
4.703139305114746,6.716766834259033,0.28616300225257874,8.204654658638558
0.0,0.0,0.0,100.0
0.0,0.0,0.0,100.0
0.0,0.0,0.0,100.0
0.0,0.0,0.0,100.0
0.0,0.0,0.0,100.0
0.0,0.0,0.0,100.0
0.0,0.0,0.0,100.0
0.0,0.0,0.0,100.0
0.0,0.0,0.0,100.0
0.0,0.0,0.0,100.0
0.0,0.0,0.0,100.0
0.0,0.0,0.0,100.0
0.0,0.0,0.0,100.0
0.0,0.0,0.0,100.0
0.0,0.0,0.0,100.0
0.0,0.0,0.0,100.0
0.0,0.0,0.0,100.0
0.0,0.0,0.0,100.0
0.0,0.0,0.0,100.0
0.0,0.0,0.0,100.0
0.0,0.0,0.0,100.0
0.0,0.0,0.0,100.0
0.0,0.0,0.0,100.0
0.0,0.0,0.0,100.0
0.0,0.0,0.0,100.0
0.0,0.0,0.0,100.0
0.0,0.0,0.0,100.0
0.0,0.0,0.0,100.0
0.0,0.0,0.0,100.0
0.0,0.0,0.0,100.0
72.9350357055664,-33.62348937988281,1.6819305419921875,80.3298692924012
60.298709869384766,-26.532087326049805,1.3796324729919434,65.89225715911795
52.928489685058594,-22.19474983215332,1.2019715309143066,57.40624310018575
49.05785369873047,-19.572080612182617,1.106141209602356,52.82956367871646
44.35785675048828,-16.805702209472656,0.9933887720108032,47.44510564996935
40.527099609375,-14.55070686340332,0.9017819166183472,43.06950358825956
35.958885192871094,-12.206413269042969,0.7952689528465271,37.98249985858905
33.367679595947266,-10.681070327758789,0.7337328195571899,35.04319851477741
31.14872932434082,-9.374690055847168,0.6812338829040527,32.53601307572347
29.22618293762207,-8.24264907836914,0.6359447240829468,30.372938424924296
27.54117202758789,-7.250979900360107,0.5964360237121582,28.485936029880182
26.05303382873535,-6.375136852264404,0.5617151856422424,26.8275690163641
25.26907730102539,-5.717796325683594,0.5425771474838257,25.913583845113642
24.399736404418945,-5.075144290924072,0.5219275951385498,24.92742622444029
23.291879653930664,-4.422103404998779,0.49650126695632935,23.713142399706335
22.286922454833984,-3.829591751098633,0.4735875725746155,22.618508893220028
21.370647430419922,-3.2892584800720215,0.45282435417175293,21.627039615299456
16.15928077697754,-2.199181079864502,0.34153592586517334,16.31181698836055
15.638769149780273,-1.8509676456451416,0.3297995328903198,15.751378741968223
15.197288513183594,-1.5302834510803223,0.3198804259300232,15.277487567495909
14.79576587677002,-1.2294291257858276,0.31092745065689087,14.850011587777692
14.431278228759766,-0.9458732008934021,0.3028746247291565,14.465413357784705
14.210309028625488,-0.6825755834579468,0.29794245958328247,14.229811535283195
14.02849292755127,-0.4286137819290161,0.2939249873161316,14.03811603818265
13.87457275390625,-0.1816226840019226,0.2905915379524231,13.878803438719089
13.727160453796387,0.05989593267440796,0.28748565912246704,13.730300823625228
13.581643104553223,0.2963527739048004,0.2845025658607483,13.587854177630842
13.462265968322754,0.528934895992279,0.2821485996246338,13.475607080853283
13.624433517456055,0.7736576199531555,0.2857891321182251,13.649373269927397
14.035721778869629,1.0430324077606201,0.29475417733192444,14.077509153874916
13.67507266998291,1.256558895111084,0.28759363293647766,13.735692936037882
13.331527709960938,1.4600317478179932,0.2808598577976227,13.414179130706943
13.00368595123291,1.6542803049087524,0.2745237350463867,13.11136327880469
12.690321922302246,1.8400170803070068,0.26854923367500305,12.825835211453896
12.390334129333496,2.0178864002227783,0.2629014849662781,12.556327135675383
12.102663040161133,2.1885263919830322,0.25757211446762085,12.301643346130813
11.826455116271973,2.3524279594421387,0.25252941250801086,12.0607924905972
11.560837745666504,2.5101101398468018,0.2477559894323349,11.832792979109358
11.305094718933105,2.6619904041290283,0.24323223531246185,11.616820291914896
11.05849838256836,2.8085012435913086,0.23894523084163666,11.412061546484857
10.82045841217041,2.9499869346618652,0.2348763793706894,11.217838569975266
10.59035873413086,3.0868163108825684,0.2310190498828888,11.03347137791926
10.367728233337402,3.2192604541778564,0.22735188901424408,10.858411560699134
10.152032852172852,3.3476359844207764,0.22386959195137024,10.692078278731774
9.942839622497559,3.4721992015838623,0.22056010365486145,10.533986498704852
9.739752769470215,3.5931801795959473,0.21741054952144623,10.383688552315586
9.542370796203613,3.710822820663452,0.21442125737667084,10.240752749496803
9.35033893585205,3.825327157974243,0.21157287061214447,10.104786262088123
9.16334342956543,3.9368817806243896,0.20886372029781342,9.975445505178241
8.98106575012207,4.045678615570068,0.20629023015499115,9.852390680668957
8.803231239318848,4.151869297027588,0.20383499562740326,9.735319308797326
8.629568099975586,4.255629062652588,0.20150607824325562,9.623950236391378
8.459818840026855,4.357097625732422,0.19928835332393646,9.518011240049573
8.293768882751465,4.456404209136963,0.19717715680599213,9.417271908633662
8.131195068359375,4.553685665130615,0.195173442363739,9.321505899561062
7.971874237060547,4.6490678787231445,0.193268284201622,9.230490477937169
7.815643310546875,4.742648601531982,0.19145658612251282,9.14404964769034
7.662294864654541,4.834554672241211,0.18973945081233978,9.06199060249517
7.511677265167236,4.924870014190674,0.188108429312706,8.984153994048366
7.363605976104736,5.013708591461182,0.18656542897224426,8.910374594913948
7.217947959899902,5.101147651672363,0.18510392308235168,8.840516709267177
7.074545383453369,5.18727970123291,0.18371962010860443,8.774440484569073
6.933266639709473,5.272180080413818,0.18241193890571594,8.712023074798713
6.79396915435791,5.3559393882751465,0.18117807805538177,8.653145053440529
6.656547546386719,5.438617706298828,0.18001864850521088,8.597708486746825
6.520852565765381,5.520299911499023,0.1789253056049347,8.54559788219295
6.386781215667725,5.601055145263672,0.17790487408638,8.496731827600861
6.2542219161987305,5.680944919586182,0.17694662511348724,8.451019162019392
6.123088359832764,5.760018825531006,0.1760532706975937,8.408389227688133
5.993251800537109,5.838358402252197,0.17522476613521576,8.368762457336983
5.86461877822876,5.916015148162842,0.17445582151412964,8.332071382251554
5.737094879150391,5.993048191070557,0.17374847829341888,8.298256215849939
5.610595226287842,6.069504737854004,0.1730983555316925,8.267261708481515
5.485018253326416,6.145449161529541,0.17250803112983704,8.239037368393786
5.360292911529541,6.220926284790039,0.17197416722774506,8.213539322448405
5.236326694488525,6.295985698699951,0.17149518430233002,8.190723181967936
5.113022327423096,6.37069034576416,0.17107334733009338,8.170554154859964
4.990316867828369,6.445075988769531,0.17070740461349487,8.152999656519002
4.868119716644287,6.519195556640625,0.1703926920890808,8.138030049309295
4.746354103088379,6.593100547790527,0.17013448476791382,8.125626017559837
4.624948501586914,6.666829586029053,0.16992801427841187,8.115764605363367
0.0,0.0,0.0,100.0
0.0,0.0,0.0,100.0
0.0,0.0,0.0,100.0
0.0,0.0,0.0,100.0
0.0,0.0,0.0,100.0
0.0,0.0,0.0,100.0
0.0,0.0,0.0,100.0
0.0,0.0,0.0,100.0
0.0,0.0,0.0,100.0
0.0,0.0,0.0,100.0
0.0,0.0,0.0,100.0
0.0,0.0,0.0,100.0
0.0,0.0,0.0,100.0
0.0,0.0,0.0,100.0
0.0,0.0,0.0,100.0
0.0,0.0,0.0,100.0
0.0,0.0,0.0,100.0
0.0,0.0,0.0,100.0
0.0,0.0,0.0,100.0
0.0,0.0,0.0,100.0
0.0,0.0,0.0,100.0
0.0,0.0,0.0,100.0
0.0,0.0,0.0,100.0
0.0,0.0,0.0,100.0
0.0,0.0,0.0,100.0
0.0,0.0,0.0,100.0
0.0,0.0,0.0,100.0
0.0,0.0,0.0,100.0
0.0,0.0,0.0,100.0
0.0,0.0,0.0,100.0
66.31389617919922,-30.922693252563477,0.5108032822608948,73.17107957248453
57.39345932006836,-25.55321502685547,0.43860456347465515,62.82649578962202
50.68161392211914,-21.513065338134766,0.3843883275985718,55.05983802087038
47.194602966308594,-19.06787109375,0.35534754395484924,50.90226523680604
42.83195495605469,-16.441654205322266,0.32028481364250183,45.880353296436795
37.7960205078125,-13.75662899017334,0.2808007001876831,40.22266611415913
34.91368103027344,-12.021742820739746,0.2577812075614929,36.926328071921134
32.467586517333984,-10.54936408996582,0.23833300173282623,34.13927477847417
30.36403465270996,-9.283219337463379,0.22166790068149567,31.752195317698614
28.53194236755371,-8.181394577026367,0.20721539855003357,29.682483369311356
27.184003829956055,-7.28392219543457,0.1964755356311798,28.143635219083503
26.430997848510742,-6.589995861053467,0.19016751646995544,27.240811933352735
25.1170597076416,-5.798736095428467,0.17996501922607422,25.778370884319706
23.936763763427734,-5.0879225730896,0.17083807289600372,24.47212293400084
22.870134353637695,-4.4455132484436035,0.16264885663986206,23.298756891691145
21.90088653564453,-3.8617148399353027,0.15525606274604797,22.239284080878548
21.015819549560547,-3.3285868167877197,0.14854532480239868,21.278303365757353
16.416217803955078,-2.3071441650390625,0.11573487520217896,16.577952645450946
15.931172370910645,-1.9560959339141846,0.11205828189849854,16.051202323144626
15.477179527282715,-1.6267077922821045,0.1086464524269104,15.562809547021429
15.074441909790039,-1.318845272064209,0.10563874244689941,15.132391753394772
14.743284225463867,-1.0309511423110962,0.10317671298980713,14.779645341254282
14.533771514892578,-0.7616811394691467,0.10160481929779053,14.55407101135075
14.341365814208984,-0.500808835029602,0.10018378496170044,14.350456276658813
14.187252044677734,-0.24764353036880493,0.09906038641929626,14.18975876823034
14.037277221679688,4.857778549194336e-06,0.0979972779750824,14.03761858230094
13.892928123474121,0.24250751733779907,0.09700801968574524,13.895382450606022
13.735269546508789,0.47964248061180115,0.0959487110376358,13.743975708945548
13.802350997924805,0.7233579754829407,0.09649130702018738,13.821630066852453
13.882110595703125,0.970729410648346,0.09714911878108978,13.916347360134573
13.529117584228516,1.1836413145065308,0.09481150656938553,13.581126275377574
13.192652702331543,1.3866099119186401,0.0926121324300766,13.265644813033614
12.87140941619873,1.5804158449172974,0.09053610265254974,12.96838775880987
12.564200401306152,1.765775442123413,0.08857669681310654,12.687984061181593
12.269915580749512,1.943363904953003,0.08672990649938583,12.423163597247893
11.987618446350098,2.113736152648926,0.08498134464025497,12.17284258134198
11.716409683227539,2.277437448501587,0.08332528918981552,11.935991700850419
11.4555025100708,2.4349446296691895,0.08176253736019135,11.711711250218805
11.204182624816895,2.5866830348968506,0.08027762919664383,11.499176545530583
10.961756706237793,2.7330713272094727,0.07886952906847,11.297609488704149
10.727645874023438,2.874457836151123,0.07753323018550873,11.106344879502034
10.501276969909668,3.0111923217773438,0.07626865804195404,10.92473782178647
10.282155990600586,3.1435635089874268,0.07506226003170013,10.752224964568365
10.069786071777344,3.271878480911255,0.07391975820064545,10.588259728275354
9.863779067993164,3.3963656425476074,0.0728299468755722,10.432388481462414
9.663694381713867,3.517291784286499,0.07179401814937592,10.284137031266576
9.46917724609375,3.6348719596862793,0.07080958783626556,10.14310716300029
9.279876708984375,3.749319076538086,0.06987478584051132,10.008914530289973
9.095499992370605,3.8608036041259766,0.06898067891597748,9.881227967634059
8.915716171264648,3.969532012939453,0.06813524663448334,9.759703457073755
8.740267753601074,4.075653553009033,0.06732776015996933,9.644052386510653
8.568891525268555,4.179329872131348,0.06655878573656082,9.533997980121262
8.401354789733887,4.280697345733643,0.0658254474401474,9.429286780359869
8.237414360046387,4.379910469055176,0.06513280421495438,9.329675673015952
8.07686996459961,4.477080821990967,0.06446928530931473,9.234945663175688
7.919520854949951,4.572332859039307,0.06383993476629257,9.144895148444768
7.76517391204834,4.665788650512695,0.06324579566717148,9.059332195964942
7.613663196563721,4.757537841796875,0.06267573684453964,8.978082041090602
7.464813709259033,4.8476972579956055,0.06213925778865814,8.900980608018985
7.318456172943115,4.93635892868042,0.06162884086370468,8.827866425688967
7.174456596374512,5.0236077308654785,0.061145566403865814,8.75860746606608
7.03267765045166,5.109528541564941,0.06068633496761322,8.693072476244259
6.892958641052246,5.194216728210449,0.06025674194097519,8.631129154900906
6.755187511444092,5.277737617492676,0.0598488487303257,8.572668987896671
6.619250774383545,5.36016321182251,0.059463247656822205,8.517591181078418
6.48501443862915,5.441571235656738,0.05910136550664902,8.465789837463914
6.352365493774414,5.52203369140625,0.0587630495429039,8.417176566700133
6.221208572387695,5.601606845855713,0.058445438742637634,8.371668661450304
6.0914411544799805,5.680346965789795,0.058146778494119644,8.329187524808201
5.962943077087402,5.758336067199707,0.057871803641319275,8.289660568912481
5.8356242179870605,5.835623741149902,0.057616256177425385,8.253018753506725
5.709402084350586,5.912258625030518,0.05738046020269394,8.219207390611569
5.5841827392578125,5.988300800323486,0.05716373771429062,8.188168716713303
5.459877014160156,6.063801288604736,0.05696513503789902,8.159852543425016
5.336394309997559,6.138819694519043,0.056786760687828064,8.134213840350862
5.213663578033447,6.213392734527588,0.056626103818416595,8.111210872808888
5.091583728790283,6.287587642669678,0.05648396909236908,8.09080735980719
4.970100402832031,6.361432075500488,0.05635899677872658,8.072972980790485
4.84911584854126,6.434987545013428,0.056251510977745056,8.057676268542984
4.728554725646973,6.508301258087158,0.05616274103522301,8.044897915497334
4.608360767364502,6.5814056396484375,0.056090060621500015,8.034614393574318
0.0,0.0,0.0,100.0
0.0,0.0,0.0,100.0
0.0,0.0,0.0,100.0
0.0,0.0,0.0,100.0
0.0,0.0,0.0,100.0
0.0,0.0,0.0,100.0
0.0,0.0,0.0,100.0
0.0,0.0,0.0,100.0
0.0,0.0,0.0,100.0
0.0,0.0,0.0,100.0
0.0,0.0,0.0,100.0
0.0,0.0,0.0,100.0
0.0,0.0,0.0,100.0
0.0,0.0,0.0,100.0
0.0,0.0,0.0,100.0
0.0,0.0,0.0,100.0
0.0,0.0,0.0,100.0
0.0,0.0,0.0,100.0
0.0,0.0,0.0,100.0
0.0,0.0,0.0,100.0
0.0,0.0,0.0,100.0
0.0,0.0,0.0,100.0
0.0,0.0,0.0,100.0
0.0,0.0,0.0,100.0
0.0,0.0,0.0,100.0
0.0,0.0,0.0,100.0
0.0,0.0,0.0,100.0
0.0,0.0,0.0,100.0
0.0,0.0,0.0,100.0
67.8445816040039,-32.72431945800781,-0.5258616209030151,75.32625972428963
58.47848892211914,-26.958955764770508,-0.44956058263778687,64.39503857631912
51.483890533447266,-22.653461456298828,-0.3926769495010376,56.24877105426739
46.0581169128418,-19.313785552978516,-0.34867000579833984,49.944910368505205
41.72256088256836,-16.645614624023438,-0.31360650062561035,44.92156316366068
38.178009033203125,-14.46435832977295,-0.28502076864242554,40.827185361921146
35.224517822265625,-12.646902084350586,-0.2612873315811157,37.42698375654984
32.723846435546875,-11.108259201049805,-0.24125489592552185,34.558670967997465
30.57476043701172,-9.787068367004395,-0.22412288188934326,32.10378395193769
29.187402725219727,-8.784415245056152,-0.21280020475387573,30.481398399363496
28.06532096862793,-7.915235996246338,-0.2035796344280243,29.160839954586397
26.570499420166016,-6.995439529418945,-0.19182008504867554,27.47661498565086
25.238351821899414,-6.175779342651367,-0.18138763308525085,25.983601267909364
24.0430850982666,-5.440399646759033,-0.17209769785404205,24.651521344626158
22.963977813720703,-4.776522159576416,-0.1637517213821411,23.45604979021234
21.984296798706055,-4.173846244812012,-0.15621885657310486,22.37754776242301
21.09041404724121,-3.624000310897827,-0.1494007110595703,21.40002985086765
20.271032333374023,-3.1200063228607178,-0.14318159222602844,20.510232900621958
16.527225494384766,-2.2492527961730957,-0.11644113063812256,16.679984084641422
16.118656158447266,-1.9077621698379517,-0.11331295967102051,16.231558169604792
15.752848625183105,-1.5862375497817993,-0.1105305552482605,15.832895513013261
15.445615768432617,-1.2834229469299316,-0.10820096731185913,15.49922268177561
15.194332122802734,-0.9958815574645996,-0.10630238056182861,15.227304171522443
14.988149642944336,-0.7199339866638184,-0.10475483536720276,15.005795474273635
14.786540985107422,-0.4517713785171509,-0.10327818989753723,14.793800592573728
14.592000961303711,-0.1910116970539093,-0.10187838971614838,14.593606065926773
14.39648151397705,0.06282053887844086,-0.10050339996814728,14.39696868050619
14.210679054260254,0.3100827932357788,-0.0992288738489151,14.2144071509636
14.087865829467773,0.5535191893577576,-0.09842714667320251,14.09907887924071
13.911126136779785,0.7899258136749268,-0.09727440029382706,13.93387448866808
13.557025909423828,1.0074633359909058,-0.09490396082401276,13.594739577995238
13.219623565673828,1.2147138118743896,-0.0926797166466713,13.275637071707404
12.897577285766602,1.4125111103057861,-0.09058115631341934,12.975009646661634
12.589654922485352,1.6016132831573486,-0.08859870582818985,12.691430291676046
12.294815063476562,1.7826571464538574,-0.08672938495874405,12.423681042396376
12.01202392578125,1.9562797546386719,-0.08496341854333878,12.170577136017766
11.740426063537598,2.1230101585388184,-0.08329210430383682,11.931122858314074
11.479194641113281,2.283358335494995,-0.08170641958713531,11.70437097070795
11.227624893188477,2.4377503395080566,-0.08020839840173721,11.489500177571408
10.985010147094727,2.5866270065307617,-0.078787662088871,11.285711477648
10.750764846801758,2.730350971221924,-0.07743455469608307,11.092328001389156
10.524333000183105,2.8692591190338135,-0.07615496218204498,10.90871331422559
10.305181503295898,3.0036823749542236,-0.0749375969171524,10.734266777400938
10.092842102050781,3.1339111328125,-0.0737781673669815,10.568456853587005
9.886882781982422,3.260207176208496,-0.07267718762159348,10.410795618651425
9.686894416809082,3.382822036743164,-0.07162997871637344,10.260824774005167
9.492520332336426,3.501976728439331,-0.07063577324151993,10.118139761910767
9.303398132324219,3.617896556854248,-0.069685198366642,9.982346299958678
9.119208335876465,3.7307748794555664,-0.06878333538770676,9.853089032564634
8.939665794372559,3.840784788131714,-0.06792570650577545,9.73004948327111
8.764474868774414,3.9481139183044434,-0.0671062245965004,9.612914508618472
8.593391418457031,4.052907943725586,-0.0663311630487442,9.50141213541726
8.426163673400879,4.155327320098877,-0.06558610498905182,9.395279847601048
8.262560844421387,4.255506992340088,-0.0648820549249649,9.294269997420606
8.102381706237793,4.353572845458984,-0.0642130896449089,9.198168960601516
7.945423126220703,4.449653148651123,-0.06357286125421524,9.106766962604253
7.791496276855469,4.543859958648682,-0.06296847015619278,9.019868363307
7.640404224395752,4.636317253112793,-0.06239058077335358,8.937287507331746
7.4920148849487305,4.727103233337402,-0.0618453174829483,8.85887200599557
7.346133708953857,4.816340923309326,-0.0613236203789711,8.7844508267194
7.202644348144531,4.904098033905029,-0.060832954943180084,8.713894287329385
7.061379432678223,4.990481376647949,-0.06036565452814102,8.647058460444272
6.922209739685059,5.07556676864624,-0.05992410331964493,8.583819419830423
6.785000324249268,5.159440040588379,-0.05950591713190079,8.524059304768782
6.649653911590576,5.242157936096191,-0.059114471077919006,8.467680017487437
6.516027927398682,5.323812961578369,-0.05874110758304596,8.414572797813385
6.384012699127197,5.404463291168213,-0.0583941712975502,8.364642460497858
6.253507614135742,5.484180450439453,-0.05806539207696915,8.31780924801421
6.124412536621094,5.563018321990967,-0.05776192247867584,8.273991036184325
5.9966139793396,5.641051769256592,-0.057475581765174866,8.233113064058122
5.87003231048584,5.718328475952148,-0.05720875412225723,8.195109780845764
5.744560241699219,5.794912338256836,-0.056963421404361725,8.159915287266868
5.620115756988525,5.870853900909424,-0.05673692375421524,8.127474442210655
5.496614933013916,5.946206569671631,-0.05653001368045807,8.097736162808399
5.373973846435547,6.021016597747803,-0.056343093514442444,8.070651454729187
5.25208854675293,6.09535551071167,-0.05616968497633934,8.04617560544237
5.130911827087402,6.169245719909668,-0.05601833015680313,8.024274672059365
5.010337829589844,6.242754936218262,-0.055881913751363754,8.004911160114395
4.890310764312744,6.315920829772949,-0.055763814598321915,7.988059885238103
4.770735740661621,6.388790607452393,-0.05566383898258209,7.973685733394447
4.651551246643066,6.46141242980957,-0.05557991564273834,7.961774542512753
4.532679080963135,6.53382682800293,-0.05551435053348541,7.952304575836252
0.0,0.0,0.0,100.0
0.0,0.0,0.0,100.0
0.0,0.0,0.0,100.0
0.0,0.0,0.0,100.0
0.0,0.0,0.0,100.0
0.0,0.0,0.0,100.0
0.0,0.0,0.0,100.0
0.0,0.0,0.0,100.0
0.0,0.0,0.0,100.0
0.0,0.0,0.0,100.0
0.0,0.0,0.0,100.0
0.0,0.0,0.0,100.0
0.0,0.0,0.0,100.0
0.0,0.0,0.0,100.0
0.0,0.0,0.0,100.0
0.0,0.0,0.0,100.0
0.0,0.0,0.0,100.0
0.0,0.0,0.0,100.0
0.0,0.0,0.0,100.0
0.0,0.0,0.0,100.0
0.0,0.0,0.0,100.0
0.0,0.0,0.0,100.0
0.0,0.0,0.0,100.0
0.0,0.0,0.0,100.0
0.0,0.0,0.0,100.0
0.0,0.0,0.0,100.0
0.0,0.0,0.0,100.0
0.0,0.0,0.0,100.0
0.0,0.0,0.0,100.0
64.14785766601562,-31.2869930267334,-1.4946937561035156,71.38667742644465
55.71821594238281,-25.98183822631836,-1.2875057458877563,61.49173145187292
49.33586120605469,-21.965734481811523,-1.1309809684753418,54.016662055163266
44.33369827270508,-18.818553924560547,-1.0086365938186646,48.17293863333435
40.30574035644531,-16.284582138061523,-0.9103909134864807,43.48067505224777
36.99102020263672,-14.1995210647583,-0.8297999501228333,39.63143209779797
34.210697174072266,-12.45167064666748,-0.7624289393424988,36.41424246056759
32.24061584472656,-11.101327896118164,-0.714103102684021,34.105816255981715
30.897146224975586,-10.039092063903809,-0.6803549528121948,32.49430565217995
29.06199073791504,-8.885139465332031,-0.6364326477050781,30.396546798480582
27.448482513427734,-7.870712757110596,-0.5980024337768555,28.560897840415304
26.018007278442383,-6.971510410308838,-0.5641037225723267,26.941731378955083
24.740259170532227,-6.168443202972412,-0.5339831709861755,25.50323952551482
23.591354370117188,-5.446484565734863,-0.5070563554763794,24.217210039593592
22.552204132080078,-4.793619632720947,-0.48285046219825745,23.061088438136412
21.607192993164062,-4.200018405914307,-0.4609766900539398,22.016435873887612
20.74355697631836,-3.657641649246216,-0.44111859798431396,21.068176272636517
19.95081901550293,-3.159902334213257,-0.42302486300468445,20.20393835124197
19.220115661621094,-2.701218843460083,-0.4064728021621704,19.41325863897998
16.719770431518555,-2.05293607711792,-0.3527812063694,16.84902788585983
16.345924377441406,-1.7180278301239014,-0.34421128034591675,16.439566190728137
16.073589324951172,-1.4062551259994507,-0.3379058539867401,16.138525765116594
15.788691520690918,-1.104049563407898,-0.33146151900291443,15.830715526624683
15.5604248046875,-0.8154812455177307,-0.32631710171699524,15.585194567729996
15.347908973693848,-0.5359693169593811,-0.3216171860694885,15.360631218213607
15.141167640686035,-0.26429036259651184,-0.3171403408050537,15.146793724091754
14.912384986877441,9.600073099136353e-06,-0.31230080127716064,14.915654828957825
14.508005142211914,0.2532297372817993,-0.3038792014122009,14.513395942088657
14.124605178833008,0.4932413697242737,-0.29598259925842285,14.136312600846434
13.760416030883789,0.7211471199989319,-0.28857362270355225,13.78232097965368
13.413800239562988,0.9379869699478149,-0.2816031575202942,13.44950387168588
13.083352088928223,1.144645094871521,-0.27504217624664307,13.13620761925618
12.767760276794434,1.3419396877288818,-0.26885947585105896,12.840902517701576
12.465861320495605,1.53060781955719,-0.26302462816238403,12.562229530890892
12.176609992980957,1.7113072872161865,-0.25751134753227234,12.298971796552483
11.899062156677246,1.8846317529678345,-0.25229722261428833,12.050027121450782
11.632383346557617,2.051102876663208,-0.2473652958869934,11.814420688075765
11.37576961517334,2.211228370666504,-0.2426954209804535,11.591227612927218
11.128531455993652,2.3654470443725586,-0.23826274275779724,11.379644794913023
10.890021324157715,2.5141594409942627,-0.234060138463974,11.178923746389623
10.659632682800293,2.657747745513916,-0.23007282614707947,10.98837197976536
10.436847686767578,2.7965409755706787,-0.22628387808799744,10.807387617061522
10.221141815185547,2.9308695793151855,-0.22267915308475494,10.635379993139539
10.012084007263184,3.0609986782073975,-0.21925689280033112,10.471848442837759
9.809235572814941,3.1872096061706543,-0.21600009500980377,10.316300498410733
9.612207412719727,3.3097448348999023,-0.21290084719657898,10.168296939482572
9.420638084411621,3.4288315773010254,-0.20995284616947174,10.0274314910361
9.234198570251465,3.5446789264678955,-0.20714356005191803,9.893334639732059
9.052581787109375,3.6574742794036865,-0.20447155833244324,9.765662285662035
8.875480651855469,3.767415761947632,-0.20192676782608032,9.644083620522482
8.702635765075684,3.874666452407837,-0.19949962198734283,9.528310577880783
8.533796310424805,3.979379177093506,-0.19719120860099792,9.418068520254868
8.36872386932373,4.081705570220947,-0.19499441981315613,9.313102664157178
8.207207679748535,4.181778430938721,-0.1929040104150772,9.213182690818417
8.049019813537598,4.27974271774292,-0.19091030955314636,9.118079239516549
7.893978118896484,4.375707149505615,-0.18901845812797546,9.02759304498244
7.741904258728027,4.469790935516357,-0.18721653521060944,8.941541176712345
7.5926103591918945,4.562108516693115,-0.185501828789711,8.85973892586247
7.445951461791992,4.652745723724365,-0.18387648463249207,8.782029394410218
7.301760196685791,4.741815567016602,-0.18233034014701843,8.708257775912326
7.159886360168457,4.829406261444092,-0.18086478114128113,8.638278207066037
7.020199775695801,4.91560173034668,-0.17947670817375183,8.571963018302961
6.8825764656066895,5.000478744506836,-0.17816326022148132,8.509193771303842
6.746865272521973,5.084132194519043,-0.17691966891288757,8.449845279273536
6.612976551055908,5.166616439819336,-0.17574860155582428,8.393823247105873
6.4807634353637695,5.248025894165039,-0.17464110255241394,8.34101713257156
6.350147247314453,5.328407287597656,-0.17360183596611023,8.291346099328985
6.221009731292725,5.407833576202393,-0.17262646555900574,8.244721453134323
6.0932464599609375,5.486373424530029,-0.17171165347099304,8.201062671061607
5.966759204864502,5.564085483551025,-0.17085859179496765,8.160297201566207
5.841459274291992,5.641025543212891,-0.17006374895572662,8.122360050866353
5.71724796295166,5.717255115509033,-0.1693260818719864,8.087186779454646
5.594053745269775,5.792815685272217,-0.16864627599716187,8.054723717300561
5.471781253814697,5.86776876449585,-0.16802312433719635,8.024919013525743
5.350349426269531,5.942163944244385,-0.16745378077030182,7.997724738628743
5.229672431945801,6.016056537628174,-0.16693784296512604,7.973096913382353
5.109684467315674,6.089482307434082,-0.16647499799728394,7.950998815474554
4.990302562713623,6.162497520446777,-0.16606666147708893,7.931397372251072
4.8714375495910645,6.235156059265137,-0.16570545732975006,7.914260981134413
4.753033638000488,6.307487487792969,-0.16539956629276276,7.89956214899621
4.635007858276367,6.379549026489258,-0.16514116525650024,7.887282254581666
4.517304420471191,6.4513702392578125,-0.1649349331855774,7.877400081212102
0.0,0.0,0.0,100.0
0.0,0.0,0.0,100.0
0.0,0.0,0.0,100.0
0.0,0.0,0.0,100.0
0.0,0.0,0.0,100.0
0.0,0.0,0.0,100.0
0.0,0.0,0.0,100.0
0.0,0.0,0.0,100.0
0.0,0.0,0.0,100.0
0.0,0.0,0.0,100.0
0.0,0.0,0.0,100.0
0.0,0.0,0.0,100.0
0.0,0.0,0.0,100.0
0.0,0.0,0.0,100.0
0.0,0.0,0.0,100.0
0.0,0.0,0.0,100.0
0.0,0.0,0.0,100.0
0.0,0.0,0.0,100.0
0.0,0.0,0.0,100.0
0.0,0.0,0.0,100.0
0.0,0.0,0.0,100.0
0.0,0.0,0.0,100.0
0.0,0.0,0.0,100.0
0.0,0.0,0.0,100.0
0.0,0.0,0.0,100.0
0.0,0.0,0.0,100.0
0.0,0.0,0.0,100.0
0.0,0.0,0.0,100.0
65.5778579711914,-33.05397415161133,-2.562910318374634,73.48189668644552
56.736114501953125,-27.36625099182129,-2.1983625888824463,63.02960556963475
50.09146499633789,-23.092472076416016,-1.9249850511550903,55.19168847092502
44.912471771240234,-19.761960983276367,-1.7124574184417725,49.097839200491784
40.760459899902344,-17.09228515625,-1.5425355434417725,44.22601823971517
37.35163497924805,-14.901803970336914,-1.4034682512283325,40.239012287668146
35.539024353027344,-13.464546203613281,-1.3263258934020996,38.0272976437194
33.260597229003906,-11.941768646240234,-1.2333219051361084,35.36091251589411
31.111867904663086,-10.561060905456543,-1.146643877029419,32.87550925200881
29.24396324157715,-9.361063003540039,-1.0716065168380737,30.72437434911467
27.604236602783203,-8.307923316955566,-1.0060571432113647,28.844888188831124
26.152509689331055,-7.375775337219238,-0.9483161568641663,27.189246015363473
24.85738182067871,-6.544399261474609,-0.8970671892166138,25.72009441370021
23.694129943847656,-5.797909259796143,-0.8513097167015076,24.408036233213185
22.64305305480957,-5.1236090660095215,-0.8102086186408997,23.229628082300767
21.68800163269043,-4.511106014251709,-0.7730965614318848,22.165674588692056
20.81595802307129,-3.952035427093506,-0.7394406199455261,21.200693511101246
20.016019821166992,-3.439373016357422,-0.7087855935096741,20.32173034058048
19.27924156188965,-2.9673616886138916,-0.6807559132575989,19.51814092596484
18.597942352294922,-2.5310633182525635,-0.6550425887107849,18.780809961740598
17.965778350830078,-2.1263885498046875,-0.6313713192939758,18.10219128653464
17.377216339111328,-1.74978506565094,-0.6095218062400818,17.475723179486447
16.82762336730957,-1.3982640504837036,-0.5892971754074097,16.895895883749915
16.312910079956055,-1.0692009925842285,-0.5705313682556152,16.357863135199604
15.829586029052734,-0.7603505849838257,-0.5530816912651062,15.857484210284507
15.37459945678711,-0.46974241733551025,-0.5368162989616394,15.391137920677519
14.945247650146484,-0.195639967918396,-0.5216248631477356,14.955627436007294
14.539216041564941,0.063444584608078,-0.5074151754379272,14.548205621189478
14.154414176940918,0.3088550269603729,-0.4940994679927826,14.166402113673458
13.789010047912598,0.5417733192443848,-0.4815990626811981,13.808050045385436
13.441349029541016,0.7632613182067871,-0.4698493182659149,13.471198105806897
13.109991073608398,0.9742429852485657,-0.4587942361831665,13.15414374757008
12.793623924255371,1.175566554069519,-0.4483717083930969,12.85534147429031
12.491070747375488,1.3679879903793335,-0.4385393261909485,12.573405929888157
12.201260566711426,1.5521986484527588,-0.4292472302913666,12.3070844712108
11.92326831817627,1.7287853956222534,-0.42046844959259033,12.055281337504752
11.656208038330078,1.8983278274536133,-0.41215404868125916,11.816965732979678
11.399298667907715,2.061319351196289,-0.40428197383880615,11.59122429090041
11.151806831359863,2.218235731124878,-0.39681679010391235,11.377206018168321
10.913127899169922,2.3694651126861572,-0.38973769545555115,11.174194491637197
10.682621002197266,2.51542067527771,-0.3830142617225647,10.981457986925982
10.459754943847656,2.6564435958862305,-0.3766285181045532,10.798379381669093
10.244048118591309,2.7928407192230225,-0.37055954337120056,10.62439600424071
10.035006523132324,2.924929141998291,-0.36479076743125916,10.458949971367156
9.832215309143066,3.052980661392212,-0.35929903388023376,10.301565173546805
9.635283470153809,3.177239418029785,-0.3540742099285126,10.151793066518515
9.44384765625,3.297943353652954,-0.34910276532173157,10.009223321813845
9.257580757141113,3.4152991771698,-0.34436938166618347,9.873482278195887
9.076149940490723,3.5295238494873047,-0.3398604691028595,9.744205255380017
8.89927864074707,3.640793800354004,-0.33556416630744934,9.621077961525913
8.726691246032715,3.749282121658325,-0.33147522807121277,9.503795722691137
8.558127403259277,3.855161190032959,-0.3275783360004425,9.39207694082826
8.393369674682617,3.9585652351379395,-0.3238685429096222,9.2856761553786
8.232171058654785,4.05965518951416,-0.32033392786979675,9.184337045122223
8.074336051940918,4.158560752868652,-0.31696584820747375,9.087848177832837
7.919670581817627,4.255394458770752,-0.3137635886669159,8.995999377898661
7.767988681793213,4.350283145904541,-0.3107163608074188,8.908600232684382
7.619124889373779,4.443333625793457,-0.3078174889087677,8.825475983037585
7.4728899002075195,4.534664154052734,-0.30505916476249695,8.746445718794725
7.329150199890137,4.6243577003479,-0.302440345287323,8.67136610532917
7.187766075134277,4.712507247924805,-0.2999545931816101,8.600097081358971
7.048590183258057,4.7992048263549805,-0.29759809374809265,8.532499504255343
6.911466598510742,4.88455057144165,-0.2953632175922394,8.468437679559075
6.776318550109863,4.968592166900635,-0.2932491600513458,8.407816972869808
6.642975807189941,5.051438331604004,-0.291249543428421,8.35050775897228
6.511350631713867,5.133144378662109,-0.2893628776073456,8.296419340357106
6.381345272064209,5.213770866394043,-0.2875876724720001,8.245464089839077
6.2528300285339355,5.2934041023254395,-0.28591588139533997,8.197545550877553
6.125706195831299,5.3721022605896,-0.2843477427959442,8.152582873920812
5.9999003410339355,5.449913024902344,-0.2828812301158905,8.110510117981471
5.8752899169921875,5.52691650390625,-0.2815103232860565,8.071250599438105
5.751804351806641,5.603154182434082,-0.28023770451545715,8.03474395768024
5.629347324371338,5.678684711456299,-0.27905866503715515,8.000929660758366
5.507837295532227,5.7535624504089355,-0.27797120809555054,7.9697559859928715
5.387195587158203,5.827836036682129,-0.2769727110862732,7.941175760179611
5.267336368560791,5.901559829711914,-0.27606457471847534,7.91514057486522
5.148193359375,5.974772930145264,-0.27524468302726746,7.891613905806732
5.029685020446777,6.04752779006958,-0.27451154589653015,7.87055714524011
4.9117255210876465,6.119878768920898,-0.27386143803596497,7.851939294062399
4.794255256652832,6.191858291625977,-0.27329662442207336,7.835731159508439
4.677196502685547,6.26352071762085,-0.2728140652179718,7.821909567821255
4.560476779937744,6.334903717041016,-0.2724139094352722,7.810452078270546
4.444037914276123,6.406049728393555,-0.2720978856086731,7.801345057217112
0.0,0.0,0.0,100.0
0.0,0.0,0.0,100.0
0.0,0.0,0.0,100.0
0.0,0.0,0.0,100.0
0.0,0.0,0.0,100.0
0.0,0.0,0.0,100.0
0.0,0.0,0.0,100.0
0.0,0.0,0.0,100.0
0.0,0.0,0.0,100.0
0.0,0.0,0.0,100.0
0.0,0.0,0.0,100.0
0.0,0.0,0.0,100.0
0.0,0.0,0.0,100.0
0.0,0.0,0.0,100.0
0.0,0.0,0.0,100.0
0.0,0.0,0.0,100.0
0.0,0.0,0.0,100.0
0.0,0.0,0.0,100.0
0.0,0.0,0.0,100.0
0.0,0.0,0.0,100.0
0.0,0.0,0.0,100.0
0.0,0.0,0.0,100.0
0.0,0.0,0.0,100.0
0.0,0.0,0.0,100.0
0.0,0.0,0.0,100.0
0.0,0.0,0.0,100.0
0.0,0.0,0.0,100.0
73.0316162109375,-38.83159255981445,-4.040532112121582,82.8120481272427
62.082889556884766,-31.6328067779541,-3.4037187099456787,69.76033984617408
54.10831069946289,-26.390380859375,-2.9408140182495117,60.27279578373478
48.03736114501953,-22.400196075439453,-2.5892019271850586,53.066568931413556
43.25784683227539,-19.259632110595703,-2.313105821609497,47.408070697449766
39.99317169189453,-16.97610855102539,-2.1223742961883545,43.49881145100527
37.522701263427734,-15.160161972045898,-1.9769272804260254,40.517795639034766
34.750064849853516,-13.339302062988281,-1.8183072805404663,37.266744666059395
32.387203216552734,-11.787975311279297,-1.6836389303207397,34.506838659479456
30.348268508911133,-10.44974136352539,-1.5679293870925903,32.13522734281258
28.569982528686523,-9.282951354980469,-1.4674532413482666,30.0760783395928
27.00436019897461,-8.256058692932129,-1.3794262409210205,28.271907243918065
25.614606857299805,-7.344860076904297,-1.301692247390747,26.678631816531265
24.372018814086914,-6.5304694175720215,-1.2325682640075684,25.26185905654801
23.25365447998047,-5.79779052734375,-1.1707097291946411,23.994109998218374
22.241172790527344,-5.134771347045898,-1.1150554418563843,22.853422946173588
21.319747924804688,-4.5316548347473145,-1.0647329092025757,21.822033653441718
20.47707176208496,-3.980344533920288,-1.01902174949646,20.885210303413487
19.70298957824707,-3.4741628170013428,-0.9773314595222473,20.03079598247524
18.98909568786621,-3.0075809955596924,-0.939173698425293,19.24872310683341
18.32819175720215,-2.5758681297302246,-0.904127299785614,18.53038473813518
17.714237213134766,-2.1750426292419434,-0.8718337416648865,17.86854950977473
17.142047882080078,-1.8017042875289917,-0.8419992327690125,17.257023959336163
16.607206344604492,-1.4529409408569336,-0.8143579959869385,16.690522150980478
16.105871200561523,-1.1262288093566895,-0.7886897325515747,16.164451275272484
15.634709358215332,-0.8193750381469727,-0.764797568321228,15.674833986731333
15.190832138061523,-0.5304847955703735,-0.7425203919410706,15.218216079115832
14.771636009216309,-0.2578396201133728,-0.7216994762420654,14.791502848967816
14.374908447265625,8.845701813697815e-06,-0.70220947265625,14.392049108062015
13.998712539672852,0.24434006214141846,-0.6839374899864197,14.01753949582825
13.64120864868164,0.47636234760284424,-0.6667742133140564,13.665799462489998
13.300887107849121,0.6970634460449219,-0.6506379842758179,13.335022799127804
12.976311683654785,0.9073941707611084,-0.6354379653930664,13.023509647883794
12.66626262664795,1.108154058456421,-0.6211056709289551,12.729806217038048
12.369596481323242,1.3000906705856323,-0.6075791716575623,12.452561286777803
12.085291862487793,1.483879804611206,-0.5947961807250977,12.190568418613672
11.812419891357422,1.6601276397705078,-0.5827058553695679,11.942731186691587
11.550167083740234,1.8293745517730713,-0.5712553262710571,11.708086513494079
11.297783851623535,1.9921066761016846,-0.5604082345962524,11.485750925430574
11.0545654296875,2.148791551589966,-0.550119936466217,11.274898914904684
10.819884300231934,2.2998416423797607,-0.5403553247451782,11.07479775664588
10.593172073364258,2.445624351501465,-0.531083881855011,10.884779308947554
10.373884201049805,2.5865023136138916,-0.5222753286361694,10.704215170816187
10.161556243896484,2.7227771282196045,-0.5139003396034241,10.532560499093593
9.955719947814941,2.8547627925872803,-0.50593101978302,10.369281570109225
9.755988121032715,2.9827020168304443,-0.4983521103858948,10.213919830157755
9.561964988708496,3.106863498687744,-0.4911368787288666,10.066031167644926
9.373289108276367,3.2274792194366455,-0.48426467180252075,9.925204526289551
9.18964672088623,3.344757556915283,-0.47772127389907837,9.791078457190023
9.010732650756836,3.4588963985443115,-0.47148755192756653,9.663309593840719
8.836272239685059,3.570078134536743,-0.4655492901802063,9.541587151759007
8.66597843170166,3.6784870624542236,-0.4598903954029083,9.425600217059905
8.499616622924805,3.78428053855896,-0.45449739694595337,9.315086146841567
8.336971282958984,3.8875973224639893,-0.4493582546710968,9.209800965098909
8.17780876159668,3.9885902404785156,-0.44446495175361633,9.109497102323003
8.021939277648926,4.087380409240723,-0.4398059546947479,9.01396694515339
7.8691511154174805,4.184109210968018,-0.43536731600761414,8.922995537470566
7.7192912101745605,4.278878211975098,-0.43114158511161804,8.83640917337903
7.57218074798584,4.371799945831299,-0.4271228015422821,8.75402618406218
7.42764949798584,4.462988376617432,-0.4232983887195587,8.675680080898234
7.285566806793213,4.552523612976074,-0.41966745257377625,8.601224407139844
7.145772933959961,4.640514850616455,-0.4162158668041229,8.53051490286535
7.008133411407471,4.727046966552734,-0.41294243931770325,8.463416441321009
6.872525215148926,4.812197685241699,-0.4098391830921173,8.399810540603548
6.738833427429199,4.896044731140137,-0.4069003760814667,8.339585800694168
6.606919288635254,4.978675842285156,-0.40411990880966187,8.282626658136767
6.4766998291015625,5.06014347076416,-0.4014985263347626,8.228844967858386
6.348033905029297,5.140542507171631,-0.39902278780937195,8.178137389681831
6.22084903717041,5.219915866851807,-0.3966946005821228,8.130427070181847
6.095041275024414,5.298331260681152,-0.39450976252555847,8.085634244574496
5.970506191253662,5.375857353210449,-0.39246323704719543,8.043680699273592
5.8471503257751465,5.452549934387207,-0.390550822019577,8.004498449969867
5.724895477294922,5.528462886810303,-0.38877132534980774,7.968028015302281
5.6036458015441895,5.603654384613037,-0.38712045550346375,7.934207986620527
5.483339309692383,5.67816686630249,-0.38559719920158386,7.9029905396164315
5.36387825012207,5.752058506011963,-0.3841988742351532,7.874323088392428
5.245192527770996,5.825376033782959,-0.3829229176044464,7.848163915751325
5.127198696136475,5.898171424865723,-0.38176682591438293,7.824470129199372
5.009833335876465,5.970484256744385,-0.38072940707206726,7.803208294933112
4.893017768859863,6.042362689971924,-0.37981030344963074,7.784345299506717
4.77667236328125,6.113862037658691,-0.37900397181510925,7.76785350832325
4.660740375518799,6.185011386871338,-0.3783150017261505,7.7537076663033995
4.545142650604248,6.255861282348633,-0.37773749232292175,7.741886663437656
4.4298295974731445,6.32644510269165,-0.3772743046283722,7.732375097247833
